Workbook

Sheet Dashboard
A1: EMBODIED CARBON, WATER & LIFE-CYCLE ENERGY CALCULATOR
A2: Full Lifecycle (A1-A3, A4, A5, B1-B5/B6, C1-C4, Module D) | India-specific defaults | Yellow cells are editable inputs
A4: PROJECT INFORMATION
A5: Project Name | B5: Enter project name
A6: Project Location | B6: Enter location
A7: Total Built-up Area (sqm) | B7: 10000
A8: Building Study Period (years) | B8: 50
A9: Operational Energy Mode (Detailed / EPI) | B9: EPI
A11: CARBON & WATER SUMMARY
A12: Category | B12: Total (kgCO2e or Litres) | C12: Per sqm of Built-up Area | D12: Stage
A13: Material Embodied Carbon (Stage A1-A3) | B13: =Material_Embodied_Carbon!G18 -> 2052745 | C13: =B13/$B$7 -> 205.2745 | D13: Carbon
A14: Construction Stage Carbon (Stage A5) | B14: =Construction_Carbon!D18 -> 500000 | C14: =B14/$B$7 -> 50 | D14: Carbon
A15: Transportation Carbon (Stage A4) | B15: =Transport_Carbon!I18 -> 337653.6 | C15: =B15/$B$7 -> 33.76536 | D15: Carbon
A16: Use Stage Carbon (Stage B1-B5) | B16: =Use_Stage_Carbon!G14 -> 916000 | C16: =B16/$B$7 -> 91.6 | D16: Carbon
A17: End of Life Carbon (Stage C1-C4) | B17: =End_of_Life_Carbon!F13 -> 139000 | C17: =B17/$B$7 -> 13.9 | D17: Carbon
A18: TOTAL EMBODIED CARBON (Cradle-to-Grave, A+B+C) | B18: =SUM(B13:B17) -> 3945398.6 | C18: =B18/$B$7 -> 394.53986 | D18: Carbon
A19: Net Benefits Beyond System Boundary (Module D - Carbon)* | B19: =Beyond_Building_Life!E8 -> -130000 | C19: =B19/$B$7 -> -13 | D19: Module D
A21: Material Embodied Water | B21: =Material_Embodied_Water!G18 -> 35680000 | C21: =B21/$B$7 -> 3568 | D21: Water
A22: Construction Stage Water | B22: =Construction_Water!D18 -> 865000 | C22: =B22/$B$7 -> 86.5 | D22: Water
A23: Transportation Water (fuel footprint) | B23: =Transport_Water!G18 -> 689376.1 | C23: =B23/$B$7 -> 68.93761 | D23: Water
A24: TOTAL EMBODIED WATER | B24: =SUM(B21:B23) -> 37234376 | C24: =B24/$B$7 -> 3723.4376 | D24: Water
A26: ENERGY SUMMARY
A27: Category | B27: Total (MJ or kWh/year) | C27: Per sqm (of Built-up Area) | D27: Stage
A28: Material Embodied Energy (Stage A1-A3) | B28: =Material_Embodied_Energy!G18 -> 17747500 | C28: =B28/$B$7 -> 1774.75 | D28: Energy (MJ)
A29: Transportation Energy (Stage A4) | B29: =Transport_Energy!F18 -> 3798603 | C29: =B29/$B$7 -> 379.8603 | D29: Energy (MJ)
A30: Construction Energy (Stage A5) | B30: =Construction_Energy!D18 -> 2710000 | C30: =B30/$B$7 -> 271 | D30: Energy (MJ)
A31: Use Stage Energy - Maintenance/Replacement (B1-B5) | B31: =Use_Stage_Energy!G14 -> 11750000 | C31: =B31/$B$7 -> 1175 | D31: Energy (MJ)
A32: End of Life Energy (Stage C1-C4) | B32: =End_of_Life_Energy!F13 -> 1651250 | C32: =B32/$B$7 -> 165.125 | D32: Energy (MJ)
A33: TOTAL EMBODIED ENERGY (MJ, Cradle-to-Grave, A+B+C) | B33: =SUM(B28:B32) -> 37657353 | C33: =B33/$B$7 -> 3765.7353 | D33: Energy (MJ)
A34: Net Energy Benefits Beyond System Boundary (Module D - Energy) | B34: =Beyond_Building_Life_Energy!E8 -> -1600000 | C34: =B34/$B$7 -> -160 | D34: Module D
A36: Operational Energy Mode In Use | B36: =$B$9&" Method" -> EPI Method
A37: TOTAL ANNUAL OPERATIONAL ENERGY (Stage B6, kWh/year) | B37: =IF($B$9="Detailed",Operational_Energy_Detailed!F11,Operational_Energy_EPI!D14) -> 1500000 | C37: =B37/$B$7 -> 150 | D37: Energy (kWh/yr)
A39: COMBINED LIFE-CYCLE ENERGY (over Building Study Period)
A40: Cumulative Operational Energy over Study Period (MJ) | B40: =B37*$B$8*3.6 -> 270000000 | D40: 1 kWh = 3.6 MJ
A41: TOTAL LIFE-CYCLE ENERGY (Embodied + Cumulative Operational, net of Module D) (MJ) | B41: =B33+B40+B34 -> 306057353 | D41: Energy (MJ)
A42: Life-Cycle Energy per sqm (MJ/sqm) | B42: =B41/$B$7 -> 30605.735
A44: *Module D figures (reuse/recycling/energy-recovery credits) are shown as negative avoided-burden values. Carbon Module D is reported separately (not summed into Total Embodied Carbon), per EN 15978 convention; Energy Module D IS netted into Total Life-Cycle Energy above, per this tool's brief.
A45: See 'Notes_Assumptions' sheet for full source list, color-coding legend and disclaimers.

Sheet Material_Embodied_Carbon
A1: SHEET 1 - MATERIAL EMBODIED CARBON (Stage A1-A3)
A2: Quantity per sqm and Carbon Factor are editable (blue/yellow). Total Quantity and Total Carbon auto-scale with Dashboard built-up area.
A3: Material Name | B3: Unit | C3: Quantity per sqm (input) | D3: Total Quantity (auto = qty/sqm x BUA) | E3: Embodied Carbon Factor (kgCO2e/unit) | F3: Data Source | G3: Total Embodied Carbon (kgCO2e)
A4: Cement (OPC 43/53 Grade) | B4: kg | C4: 50 | D4: =C4*Dashboard!$B$7 -> 500000 | E4: 0.83 | F4: ICE DB v3.0 (adapted) / CPCB cement sector avg | G4: =D4*E4 -> 415000
A5: Cement (PPC / Blended) | B5: kg | C5: 20 | D5: =C5*Dashboard!$B$7 -> 200000 | E5: 0.67 | F5: ICE DB v3.0 (blended cement, higher SCM content) | G5: =D5*E5 -> 134000
A6: TMT Steel Rebar | B6: kg | C6: 8 | D6: =C6*Dashboard!$B$7 -> 80000 | E6: 2.5 | F6: worldsteel / India BF-BOF+EAF grid mix avg | G6: =D6*E6 -> 200000
A7: Ready-Mix Concrete M25 | B7: m3 | C7: 0.15 | D7: =C7*Dashboard!$B$7 -> 1500 | E7: 300 | F7: ICE DB v3.0 (adapted, RMC w/ 30% GGBS avg) | G7: =D7*E7 -> 450000
A8: Fly Ash Brick | B8: no. | C8: 45 | D8: =C8*Dashboard!$B$7 -> 450000 | E8: 0.28 | F8: IGBC/GRIHA material database (approx.) | G8: =D8*E8 -> 126000
A9: Clay Brick (fired) | B9: no. | C9: 10 | D9: =C9*Dashboard!$B$7 -> 100000 | E9: 0.35 | F9: ICE DB v3.0 (fired clay brick, India kiln avg) | G9: =D9*E9 -> 35000
A10: AAC Block | B10: m3 | C10: 0.05 | D10: =C10*Dashboard!$B$7 -> 500 | E10: 165 | F10: Manufacturer EPD average (India) | G10: =D10*E10 -> 82500
A11: Float Glass | B11: m2 | C11: 0.3 | D11: =C11*Dashboard!$B$7 -> 3000 | E11: 27 | F11: ICE DB v3.0 (flat/float glass, 6mm) | G11: =D11*E11 -> 81000
A12: Aluminium (avg. 33% recycled) | B12: kg | C12: 2 | D12: =C12*Dashboard!$B$7 -> 20000 | E12: 6.4 | F12: ICE DB v3.0 (aluminium, recycled-content avg) | G12: =D12*E12 -> 128000
A13: Timber (sawn softwood) | B13: m3 | C13: 0.01 | D13: =C13*Dashboard!$B$7 -> 100 | E13: 250 | F13: ICE DB v3.0 (sawn softwood, processing only) | G13: =D13*E13 -> 25000
A14: Ceramic Tiles | B14: m2 | C14: 1.2 | D14: =C14*Dashboard!$B$7 -> 12000 | E14: 12 | F14: ICE DB v3.0 (ceramic tile) | G14: =D14*E14 -> 144000
A15: Paint (water-based emulsion) | B15: litre | C15: 0.15 | D15: =C15*Dashboard!$B$7 -> 1500 | E15: 2.83 | F15: ICE DB v3.0 (paint, general average) | G15: =D15*E15 -> 4245
... A17: Cement Plaster/Mortar (1:4) | B17: kg | C17: 30 | D17: =C17*Dashboard!$B$7 -> 300000 | E17: 0.75 | F17: Derived from cement content (OPC/PPC blend) | G17: =D17*E17 -> 225000
A18: TOTAL | D18: =SUM(D4:D17) -> 1669600 | G18: =SUM(G4:G17) -> 2052745

Sheet Material_Embodied_Water
A1: SHEET 2 - MATERIAL EMBODIED WATER
A2: Quantity per sqm & Total Quantity are linked from Sheet 1. Water Factor is editable. Totals auto-scale with built-up area.
A3: Material Name (linked) | B3: Unit (linked) | C3: Quantity per sqm (linked) | D3: Total Quantity (linked) | E3: Embodied Water Factor (litres/unit) | F3: Data Source | G3: Total Embodied Water (Litres)
A4: =Material_Embodied_Carbon!A4 -> Cement (OPC 43/53 Grade) | B4: =Material_Embodied_Carbon!B4 -> kg | C4: =Material_Embodied_Carbon!C4 -> 50 | D4: =Material_Embodied_Carbon!D4 -> 500000 | E4: 1.5 | F4: CSE India water footprint estimate | G4: =D4*E4 -> 750000
A5: =Material_Embodied_Carbon!A5 -> Cement (PPC / Blended) | B5: =Material_Embodied_Carbon!B5 -> kg | C5: =Material_Embodied_Carbon!C5 -> 20 | D5: =Material_Embodied_Carbon!D5 -> 200000 | E5: 1.2 | F5: CSE India water footprint estimate | G5: =D5*E5 -> 240000
A6: =Material_Embodied_Carbon!A6 -> TMT Steel Rebar | B6: =Material_Embodied_Carbon!B6 -> kg | C6: =Material_Embodied_Carbon!C6 -> 8 | D6: =Material_Embodied_Carbon!D6 -> 80000 | E6: 18 | F6: Water Footprint Network - steel avg | G6: =D6*E6 -> 1440000
A7: =Material_Embodied_Carbon!A7 -> Ready-Mix Concrete M25 | B7: =Material_Embodied_Carbon!B7 -> m3 | C7: =Material_Embodied_Carbon!C7 -> 0.15 | D7: =Material_Embodied_Carbon!D7 -> 1500 | E7: 250 | F7: Estimated - mixing & curing water | G7: =D7*E7 -> 375000
A8: =Material_Embodied_Carbon!A8 -> Fly Ash Brick | B8: =Material_Embodied_Carbon!B8 -> no. | C8: =Material_Embodied_Carbon!C8 -> 45 | D8: =Material_Embodied_Carbon!D8 -> 450000 | E8: 3 | F8: Estimated - unfired brick production | G8: =D8*E8 -> 1350000
A9: =Material_Embodied_Carbon!A9 -> Clay Brick (fired) | B9: =Material_Embodied_Carbon!B9 -> no. | C9: =Material_Embodied_Carbon!C9 -> 10 | D9: =Material_Embodied_Carbon!D9 -> 100000 | E9: 5 | F9: Estimated - fired brick production | G9: =D9*E9 -> 500000
A10: =Material_Embodied_Carbon!A10 -> AAC Block | B10: =Material_Embodied_Carbon!B10 -> m3 | C10: =Material_Embodied_Carbon!C10 -> 0.05 | D10: =Material_Embodied_Carbon!D10 -> 500 | E10: 120 | F10: Manufacturer EPD average (India) | G10: =D10*E10 -> 60000
A11: =Material_Embodied_Carbon!A11 -> Float Glass | B11: =Material_Embodied_Carbon!B11 -> m2 | C11: =Material_Embodied_Carbon!C11 -> 0.3 | D11: =Material_Embodied_Carbon!D11 -> 3000 | E11: 25 | F11: Estimated - glass manufacturing | G11: =D11*E11 -> 75000
A12: =Material_Embodied_Carbon!A12 -> Aluminium (avg. 33% recycled) | B12: =Material_Embodied_Carbon!B12 -> kg | C12: =Material_Embodied_Carbon!C12 -> 2 | D12: =Material_Embodied_Carbon!D12 -> 20000 | E12: 1500 | F12: Water Footprint Network - aluminium | G12: =D12*E12 -> 30000000
A13: =Material_Embodied_Carbon!A13 -> Timber (sawn softwood) | B13: =Material_Embodied_Carbon!B13 -> m3 | C13: =Material_Embodied_Carbon!C13 -> 0.01 | D13: =Material_Embodied_Carbon!D13 -> 100 | E13: 300 | F13: Estimated - timber processing | G13: =D13*E13 -> 30000
A14: =Material_Embodied_Carbon!A14 -> Ceramic Tiles | B14: =Material_Embodied_Carbon!B14 -> m2 | C14: =Material_Embodied_Carbon!C14 -> 1.2 | D14: =Material_Embodied_Carbon!D14 -> 12000 | E14: 40 | F14: Estimated - tile firing process | G14: =D14*E14 -> 480000
A15: =Material_Embodied_Carbon!A15 -> Paint (water-based emulsion) | B15: =Material_Embodied_Carbon!B15 -> litre | C15: =Material_Embodied_Carbon!C15 -> 0.15 | D15: =Material_Embodied_Carbon!D15 -> 1500 | E15: 10 | F15: Estimated - paint manufacturing | G15: =D15*E15 -> 15000
... A17: =Material_Embodied_Carbon!A17 -> Cement Plaster/Mortar (1:4) | B17: =Material_Embodied_Carbon!B17 -> kg | C17: =Material_Embodied_Carbon!C17 -> 30 | D17: =Material_Embodied_Carbon!D17 -> 300000 | E17: 1.2 | F17: Derived from cement content | G17: =D17*E17 -> 360000
A18: TOTAL | G18: =SUM(G4:G17) -> 35680000

Sheet Construction_Carbon
A1: SHEET 3 - CONSTRUCTION STAGE CARBON (Stage A5)
A2: On-site construction activity emissions, normalised per sqm of built-up area. Emission factors are editable defaults - verify against site data.
A3: Construction Activity | B3: Emission Factor per sqm (kgCO2e/sqm, input) | C3: Built-up Area (sqm) (linked from Dashboard) | D3: Total Carbon (kgCO2e)
A4: Excavation & Earthwork (machinery diesel use) | B4: 8 | C4: =Dashboard!$B$7 -> 10000 | D4: =B4*C4 -> 80000
A5: Formwork & Shuttering fabrication | B5: 3 | C5: =Dashboard!$B$7 -> 10000 | D5: =B5*C5 -> 30000
A6: Concreting operations (batching, pumping, vibrating) | B6: 10 | C6: =Dashboard!$B$7 -> 10000 | D6: =B6*C6 -> 100000
A7: Reinforcement cutting & bending | B7: 2 | C7: =Dashboard!$B$7 -> 10000 | D7: =B7*C7 -> 20000
A8: Masonry work (mixing, hoisting) | B8: 4 | C8: =Dashboard!$B$7 -> 10000 | D8: =B8*C8 -> 40000
A9: Plastering operations | B9: 2 | C9: =Dashboard!$B$7 -> 10000 | D9: =B9*C9 -> 20000
A10: Tower Crane / Material Hoisting | B10: 3 | C10: =Dashboard!$B$7 -> 10000 | D10: =B10*C10 -> 30000
A11: DG Set (Diesel Generator) operation | B11: 6 | C11: =Dashboard!$B$7 -> 10000 | D11: =B11*C11 -> 60000
A12: Site dewatering / water pumping | B12: 1.5 | C12: =Dashboard!$B$7 -> 10000 | D12: =B12*C12 -> 15000
A13: Site lighting & temporary power (grid) | B13: 2.5 | C13: =Dashboard!$B$7 -> 10000 | D13: =B13*C13 -> 25000
A14: Construction waste handling & disposal | B14: 1.5 | C14: =Dashboard!$B$7 -> 10000 | D14: =B14*C14 -> 15000
A15: Worker commute to site (daily, aggregated) | B15: 3 | C15: =Dashboard!$B$7 -> 10000 | D15: =B15*C15 -> 30000
... A17: Curing-related energy use (pumps, misc.) | B17: 1 | C17: =Dashboard!$B$7 -> 10000 | D17: =B17*C17 -> 10000
A18: TOTAL | B18: =SUM(B4:B17) -> 50 | D18: =SUM(D4:D17) -> 500000

Sheet Construction_Water
A1: SHEET 4 - CONSTRUCTION STAGE WATER
A2: On-site construction water use, normalised per sqm of built-up area. Water factors are editable defaults - verify against site water meter data.
A3: Construction Activity | B3: Water Factor per sqm (Litres/sqm, input) | C3: Built-up Area (sqm) (linked from Dashboard) | D3: Total Water (Litres)
A4: Concrete curing water | B4: 25 | C4: =Dashboard!$B$7 -> 10000 | D4: =B4*C4 -> 250000
A5: Dust suppression (water spraying) | B5: 8 | C5: =Dashboard!$B$7 -> 10000 | D5: =B5*C5 -> 80000
A6: Equipment & vehicle washing | B6: 5 | C6: =Dashboard!$B$7 -> 10000 | D6: =B6*C6 -> 50000
A7: Worker sanitation & drinking water | B7: 12 | C7: =Dashboard!$B$7 -> 10000 | D7: =B7*C7 -> 120000
A8: Site housekeeping / cleaning | B8: 4 | C8: =Dashboard!$B$7 -> 10000 | D8: =B8*C8 -> 40000
A9: Masonry wetting (bricks / blocks) | B9: 10 | C9: =Dashboard!$B$7 -> 10000 | D9: =B9*C9 -> 100000
A10: Plastering water use | B10: 8 | C10: =Dashboard!$B$7 -> 10000 | D10: =B10*C10 -> 80000
A11: Testing (cube testing, slump test, etc.) | B11: 1.5 | C11: =Dashboard!$B$7 -> 10000 | D11: =B11*C11 -> 15000
A12: Landscape / temporary greenery watering | B12: 3 | C12: =Dashboard!$B$7 -> 10000 | D12: =B12*C12 -> 30000
A13: Miscellaneous site water use | B13: 2 | C13: =Dashboard!$B$7 -> 10000 | D13: =B13*C13 -> 20000
A14: Curing compound application water | B14: 2 | C14: =Dashboard!$B$7 -> 10000 | D14: =B14*C14 -> 20000
A15: Formwork wetting / release agent water | B15: 1.5 | C15: =Dashboard!$B$7 -> 10000 | D15: =B15*C15 -> 15000
... A17: Contingency / other water use | B17: 2 | C17: =Dashboard!$B$7 -> 10000 | D17: =B17*C17 -> 20000
A18: TOTAL | B18: =SUM(B4:B17) -> 86.5 | D18: =SUM(D4:D17) -> 865000

Sheet Transport_Carbon
A1: SHEET 5 - MATERIAL TRANSPORTATION CARBON (Stage A4)
A2: Material list & quantities are linked from Sheet 1. Distance defaults to 400 km (editable). Mode of Transport is a dropdown.
A3: Material Name (linked) | B3: Total Quantity (linked) | C3: Unit (linked) | D3: Weight per Unit (kg, input) | E3: Total Weight (tonnes) | F3: Mode of Transport (dropdown) | G3: Distance to Site (km, input, default 400) | H3: Emission Factor (kgCO2e/tonne-km, input) | I3: Total Transport Emissions (kgCO2e)
A4: =Material_Embodied_Carbon!A4 -> Cement (OPC 43/53 Grade) | B4: =Material_Embodied_Carbon!D4 -> 500000 | C4: =Material_Embodied_Carbon!B4 -> kg | D4: 1 | E4: =B4*D4/1000 -> 500 | F4: Truck | G4: 400 | H4: 0.12 | I4: =E4*G4*H4 -> 24000
A5: =Material_Embodied_Carbon!A5 -> Cement (PPC / Blended) | B5: =Material_Embodied_Carbon!D5 -> 200000 | C5: =Material_Embodied_Carbon!B5 -> kg | D5: 1 | E5: =B5*D5/1000 -> 200 | F5: Truck | G5: 400 | H5: 0.12 | I5: =E5*G5*H5 -> 9600
A6: =Material_Embodied_Carbon!A6 -> TMT Steel Rebar | B6: =Material_Embodied_Carbon!D6 -> 80000 | C6: =Material_Embodied_Carbon!B6 -> kg | D6: 1 | E6: =B6*D6/1000 -> 80 | F6: Truck | G6: 400 | H6: 0.12 | I6: =E6*G6*H6 -> 3840
A7: =Material_Embodied_Carbon!A7 -> Ready-Mix Concrete M25 | B7: =Material_Embodied_Carbon!D7 -> 1500 | C7: =Material_Embodied_Carbon!B7 -> m3 | D7: 2400 | E7: =B7*D7/1000 -> 3600 | F7: Truck | G7: 400 | H7: 0.12 | I7: =E7*G7*H7 -> 172800
A8: =Material_Embodied_Carbon!A8 -> Fly Ash Brick | B8: =Material_Embodied_Carbon!D8 -> 450000 | C8: =Material_Embodied_Carbon!B8 -> no. | D8: 3.2 | E8: =B8*D8/1000 -> 1440 | F8: Truck | G8: 400 | H8: 0.12 | I8: =E8*G8*H8 -> 69120
A9: =Material_Embodied_Carbon!A9 -> Clay Brick (fired) | B9: =Material_Embodied_Carbon!D9 -> 100000 | C9: =Material_Embodied_Carbon!B9 -> no. | D9: 3 | E9: =B9*D9/1000 -> 300 | F9: Truck | G9: 400 | H9: 0.12 | I9: =E9*G9*H9 -> 14400
A10: =Material_Embodied_Carbon!A10 -> AAC Block | B10: =Material_Embodied_Carbon!D10 -> 500 | C10: =Material_Embodied_Carbon!B10 -> m3 | D10: 550 | E10: =B10*D10/1000 -> 275 | F10: Truck | G10: 400 | H10: 0.12 | I10: =E10*G10*H10 -> 13200
A11: =Material_Embodied_Carbon!A11 -> Float Glass | B11: =Material_Embodied_Carbon!D11 -> 3000 | C11: =Material_Embodied_Carbon!B11 -> m2 | D11: 15 | E11: =B11*D11/1000 -> 45 | F11: Truck | G11: 400 | H11: 0.12 | I11: =E11*G11*H11 -> 2160
A12: =Material_Embodied_Carbon!A12 -> Aluminium (avg. 33% recycled) | B12: =Material_Embodied_Carbon!D12 -> 20000 | C12: =Material_Embodied_Carbon!B12 -> kg | D12: 1 | E12: =B12*D12/1000 -> 20 | F12: Truck | G12: 400 | H12: 0.12 | I12: =E12*G12*H12 -> 960
A13: =Material_Embodied_Carbon!A13 -> Timber (sawn softwood) | B13: =Material_Embodied_Carbon!D13 -> 100 | C13: =Material_Embodied_Carbon!B13 -> m3 | D13: 550 | E13: =B13*D13/1000 -> 55 | F13: Truck | G13: 400 | H13: 0.12 | I13: =E13*G13*H13 -> 2640
A14: =Material_Embodied_Carbon!A14 -> Ceramic Tiles | B14: =Material_Embodied_Carbon!D14 -> 12000 | C14: =Material_Embodied_Carbon!B14 -> m2 | D14: 18 | E14: =B14*D14/1000 -> 216 | F14: Truck | G14: 400 | H14: 0.12 | I14: =E14*G14*H14 -> 10368
A15: =Material_Embodied_Carbon!A15 -> Paint (water-based emulsion) | B15: =Material_Embodied_Carbon!D15 -> 1500 | C15: =Material_Embodied_Carbon!B15 -> litre | D15: 1.3 | E15: =B15*D15/1000 -> 1.95 | F15: Truck | G15: 400 | H15: 0.12 | I15: =E15*G15*H15 -> 93.6
... A17: =Material_Embodied_Carbon!A17 -> Cement Plaster/Mortar (1:4) | B17: =Material_Embodied_Carbon!D17 -> 300000 | C17: =Material_Embodied_Carbon!B17 -> kg | D17: 1 | E17: =B17*D17/1000 -> 300 | F17: Truck | G17: 400 | H17: 0.12 | I17: =E17*G17*H17 -> 14400
A18: TOTAL | I18: =SUM(I4:I17) -> 337653.6
A20: Note: Truck default EF = 0.12 kgCO2e/tonne-km; Rail default EF = 0.03 kgCO2e/tonne-km (GHG Protocol / India freight averages). Update column H manually if you change the Mode of Transport in column F.

Sheet Transport_Water
A1: SHEET 6 - TRANSPORTATION WATER (Fuel Water Footprint, Optional)
A2: Estimates the water footprint of diesel consumed transporting materials from Sheet 5. Factors are editable defaults.
A3: Material Name (linked) | B3: Total Weight (tonnes, linked) | C3: Distance to Site (km, linked) | D3: Diesel Consumption (L/tonne-km, input) | E3: Total Diesel Consumed (Litres) | F3: Water Footprint of Diesel (L water/L diesel, input) | G3: Total Water Footprint (Litres)
A4: =Transport_Carbon!A4 -> Cement (OPC 43/53 Grade) | B4: =Transport_Carbon!E4 -> 500 | C4: =Transport_Carbon!G4 -> 400 | D4: 0.035 | E4: =B4*C4*D4 -> 7000 | F4: 7 | G4: =E4*F4 -> 49000
A5: =Transport_Carbon!A5 -> Cement (PPC / Blended) | B5: =Transport_Carbon!E5 -> 200 | C5: =Transport_Carbon!G5 -> 400 | D5: 0.035 | E5: =B5*C5*D5 -> 2800 | F5: 7 | G5: =E5*F5 -> 19600
A6: =Transport_Carbon!A6 -> TMT Steel Rebar | B6: =Transport_Carbon!E6 -> 80 | C6: =Transport_Carbon!G6 -> 400 | D6: 0.035 | E6: =B6*C6*D6 -> 1120 | F6: 7 | G6: =E6*F6 -> 7840
A7: =Transport_Carbon!A7 -> Ready-Mix Concrete M25 | B7: =Transport_Carbon!E7 -> 3600 | C7: =Transport_Carbon!G7 -> 400 | D7: 0.035 | E7: =B7*C7*D7 -> 50400 | F7: 7 | G7: =E7*F7 -> 352800
A8: =Transport_Carbon!A8 -> Fly Ash Brick | B8: =Transport_Carbon!E8 -> 1440 | C8: =Transport_Carbon!G8 -> 400 | D8: 0.035 | E8: =B8*C8*D8 -> 20160 | F8: 7 | G8: =E8*F8 -> 141120
A9: =Transport_Carbon!A9 -> Clay Brick (fired) | B9: =Transport_Carbon!E9 -> 300 | C9: =Transport_Carbon!G9 -> 400 | D9: 0.035 | E9: =B9*C9*D9 -> 4200 | F9: 7 | G9: =E9*F9 -> 29400
A10: =Transport_Carbon!A10 -> AAC Block | B10: =Transport_Carbon!E10 -> 275 | C10: =Transport_Carbon!G10 -> 400 | D10: 0.035 | E10: =B10*C10*D10 -> 3850 | F10: 7 | G10: =E10*F10 -> 26950
A11: =Transport_Carbon!A11 -> Float Glass | B11: =Transport_Carbon!E11 -> 45 | C11: =Transport_Carbon!G11 -> 400 | D11: 0.035 | E11: =B11*C11*D11 -> 630 | F11: 7 | G11: =E11*F11 -> 4410
A12: =Transport_Carbon!A12 -> Aluminium (avg. 33% recycled) | B12: =Transport_Carbon!E12 -> 20 | C12: =Transport_Carbon!G12 -> 400 | D12: 0.035 | E12: =B12*C12*D12 -> 280 | F12: 7 | G12: =E12*F12 -> 1960
A13: =Transport_Carbon!A13 -> Timber (sawn softwood) | B13: =Transport_Carbon!E13 -> 55 | C13: =Transport_Carbon!G13 -> 400 | D13: 0.035 | E13: =B13*C13*D13 -> 770 | F13: 7 | G13: =E13*F13 -> 5390
A14: =Transport_Carbon!A14 -> Ceramic Tiles | B14: =Transport_Carbon!E14 -> 216 | C14: =Transport_Carbon!G14 -> 400 | D14: 0.035 | E14: =B14*C14*D14 -> 3024 | F14: 7 | G14: =E14*F14 -> 21168
A15: =Transport_Carbon!A15 -> Paint (water-based emulsion) | B15: =Transport_Carbon!E15 -> 1.95 | C15: =Transport_Carbon!G15 -> 400 | D15: 0.035 | E15: =B15*C15*D15 -> 27.3 | F15: 7 | G15: =E15*F15 -> 191.1
... A17: =Transport_Carbon!A17 -> Cement Plaster/Mortar (1:4) | B17: =Transport_Carbon!E17 -> 300 | C17: =Transport_Carbon!G17 -> 400 | D17: 0.035 | E17: =B17*C17*D17 -> 4200 | F17: 7 | G17: =E17*F17 -> 29400
A18: TOTAL | G18: =SUM(G4:G17) -> 689376.1
A20: Note: Diesel consumption default = 0.035 L/tonne-km (typical loaded truck average). Water footprint of diesel production default = 7 L water per L diesel refined (indicative - refine using site-specific/refinery data where available).

Sheet Use_Stage_Carbon
A1: SHEET 7 - USE STAGE CARBON (Stage B1-B5)
A2: Replacement/event cycles are annualised over the study period and normalised per sqm of built-up area.
A4: Study Period Used in This Sheet (years, linked from Dashboard) | B4: =Dashboard!$B$8 -> 50
A6: Sub-Category | B6: Description | C6: Replacement/Event Cycle (years, input) | D6: Emission Factor per Event (kgCO2e/sqm, input) | E6: Number of Events over Study Period | F6: Built-up Area (linked) | G6: Total Carbon (kgCO2e)
A7: B1 - Use | B7: Operational use-stage emissions (equipment refrigerant leakage, material off-gassing/wear) | C7: 1 | D7: 0.5 | E7: =ROUNDDOWN($B$4/C7,0) -> 50 | F7: =Dashboard!$B$7 -> 10000 | G7: =D7*E7*F7 -> 250000
A8: B2 - Maintenance | B8: Routine upkeep, cleaning agents, minor consumables | C8: 1 | D8: 0.3 | E8: =ROUNDDOWN($B$4/C8,0) -> 50 | F8: =Dashboard!$B$7 -> 10000 | G8: =D8*E8*F8 -> 150000
A9: B3 - Repair | B9: Component repairs / minor part replacement (non-structural) | C9: 10 | D9: 1.5 | E9: =ROUNDDOWN($B$4/C9,0) -> 5 | F9: =Dashboard!$B$7 -> 10000 | G9: =D9*E9*F9 -> 75000
A10: B4 - Replacement | B10: Repainting (interior/exterior paint finishes) | C10: 7 | D10: 3.5 | E10: =ROUNDDOWN($B$4/C10,0) -> 7 | F10: =Dashboard!$B$7 -> 10000 | G10: =D10*E10*F10 -> 245000
A11: B4 - Replacement | B11: Sealants & waterproofing membrane replacement | C11: 15 | D11: 1.2 | E11: =ROUNDDOWN($B$4/C11,0) -> 3 | F11: =Dashboard!$B$7 -> 10000 | G11: =D11*E11*F11 -> 36000
A12: B4 - Replacement | B12: Flooring/finishes replacement | C12: 20 | D12: 4 | E12: =ROUNDDOWN($B$4/C12,0) -> 2 | F12: =Dashboard!$B$7 -> 10000 | G12: =D12*E12*F12 -> 80000
A13: B5 - Refurbishment | B13: Major refurbishment / component upgrade cycle | C13: 30 | D13: 8 | E13: =ROUNDDOWN($B$4/C13,0) -> 1 | F13: =Dashboard!$B$7 -> 10000 | G13: =D13*E13*F13 -> 80000
A14: TOTAL USE STAGE CARBON (B1-B5) | G14: =SUM(G7:G13) -> 916000

Sheet End_of_Life_Carbon
A1: SHEET 8 - END OF LIFE CARBON (Stage C1-C4)
A2: C1, C3 & C4 use per-sqm factors. C2 (waste transport) uses a distance & weight-based calculation similar to Sheet 5.
A3: Sub-Category | B3: Description | C3: Emission Factor per sqm (kgCO2e/sqm, input) | D3: Built-up Area (linked) | E3: Total Carbon (kgCO2e)
A4: C1 - Deconstruction/Demolition | B4: Demolition equipment diesel use, manual dismantling | C4: 5 | D4: =Dashboard!$B$7 -> 10000 | E4: =C4*D4 -> 50000
A5: C3 - Waste Processing/Recycling | B5: Sorting, crushing, recycling operations | C5: 2 | D5: =Dashboard!$B$7 -> 10000 | E5: =C5*D5 -> 20000
A6: C4 - Disposal (Landfill/Incineration) | B6: Residual waste landfill decomposition / incineration emissions | C6: 6 | D6: =Dashboard!$B$7 -> 10000 | E6: =C6*D6 -> 60000
A7: Subtotal (C1, C3, C4) | E7: =SUM(E4:E6) -> 130000
A9: C2 - TRANSPORT OF DEMOLITION WASTE TO DISPOSAL / RECYCLING SITE
A10: Waste Category | B10: Waste Generation Rate (tonnes/sqm, input) | C10: Total Waste Quantity (tonnes) | D10: Distance to Site (km, input, default 50) | E10: Emission Factor (kgCO2e/tonne-km, input) | F10: Total Transport Emissions (kgCO2e)
A11: Demolition & Construction Waste | B11: 0.15 | C11: =B11*Dashboard!$B$7 -> 1500 | D11: 50 | E11: 0.12 | F11: =C11*D11*E11 -> 9000
A13: TOTAL END OF LIFE CARBON (C1-C4) | F13: =E7+F11 -> 139000

Sheet Beyond_Building_Life
A1: SHEET 9 - BEYOND BUILDING LIFE (Module D - Carbon)
A2: Reuse/recycling/energy-recovery credits beyond the system boundary. Negative values = carbon benefit (per EN 15978 convention).
A4: Category | B4: Description | C4: Carbon Benefit/Load Factor per sqm (kgCO2e/sqm, input) | D4: Built-up Area (linked) | E4: Net Carbon Impact (kgCO2e)
A5: Reuse Potential | B5: Credit for components suitable for direct reuse (doors, fixtures, structural steel, etc.) | C5: -3 | D5: =Dashboard!$B$7 -> 10000 | E5: =C5*D5 -> -30000
A6: Recycling Potential | B6: Credit for material recovery value (steel, aluminium, glass recycling) | C6: -8 | D6: =Dashboard!$B$7 -> 10000 | E6: =C6*D6 -> -80000
A7: Energy Recovery | B7: Credit for energy recovered from waste incineration, net of process emissions | C7: -2 | D7: =Dashboard!$B$7 -> 10000 | E7: =C7*D7 -> -20000
A8: NET IMPACT - MODULE D (Beyond Building Life) | E8: =SUM(E5:E7) -> -130000
A10: Note: Negative values represent an avoided-burden credit. This module is reported separately from Total Embodied Carbon on the Dashboard, per EN 15978 convention (Module D is outside the main building lifecycle system boundary).

Sheet Material_Embodied_Energy
A1: SHEET 10 - MATERIAL EMBODIED ENERGY (Stage A1-A3)
A2: Quantity per sqm & Total Quantity are linked from Sheet 1. Energy Factor is editable. Totals auto-scale with built-up area.
A3: Material Name (linked) | B3: Unit (linked) | C3: Quantity per sqm (linked) | D3: Total Quantity (linked) | E3: Embodied Energy Factor (MJ/unit) | F3: Data Source | G3: Total Embodied Energy (MJ)
A4: =Material_Embodied_Carbon!A4 -> Cement (OPC 43/53 Grade) | B4: =Material_Embodied_Carbon!B4 -> kg | C4: =Material_Embodied_Carbon!C4 -> 50 | D4: =Material_Embodied_Carbon!D4 -> 500000 | E4: 5.5 | F4: Hammond & Jones ICE DB / CPWD DSR energy norms | G4: =D4*E4 -> 2750000
A5: =Material_Embodied_Carbon!A5 -> Cement (PPC / Blended) | B5: =Material_Embodied_Carbon!B5 -> kg | C5: =Material_Embodied_Carbon!C5 -> 20 | D5: =Material_Embodied_Carbon!D5 -> 200000 | E5: 4.5 | F5: Hammond & Jones ICE DB (blended cement) | G5: =D5*E5 -> 900000
A6: =Material_Embodied_Carbon!A6 -> TMT Steel Rebar | B6: =Material_Embodied_Carbon!B6 -> kg | C6: =Material_Embodied_Carbon!C6 -> 8 | D6: =Material_Embodied_Carbon!D6 -> 80000 | E6: 24 | F6: worldsteel / Hammond & Jones ICE DB (rebar avg) | G6: =D6*E6 -> 1920000
A7: =Material_Embodied_Carbon!A7 -> Ready-Mix Concrete M25 | B7: =Material_Embodied_Carbon!B7 -> m3 | C7: =Material_Embodied_Carbon!C7 -> 0.15 | D7: =Material_Embodied_Carbon!D7 -> 1500 | E7: 1100 | F7: ICE DB (adapted, RMC w/ GGBS avg) | G7: =D7*E7 -> 1650000
A8: =Material_Embodied_Carbon!A8 -> Fly Ash Brick | B8: =Material_Embodied_Carbon!B8 -> no. | C8: =Material_Embodied_Carbon!C8 -> 45 | D8: =Material_Embodied_Carbon!D8 -> 450000 | E8: 2.5 | F8: IGBC/GRIHA material database (approx.) | G8: =D8*E8 -> 1125000
A9: =Material_Embodied_Carbon!A9 -> Clay Brick (fired) | B9: =Material_Embodied_Carbon!B9 -> no. | C9: =Material_Embodied_Carbon!C9 -> 10 | D9: =Material_Embodied_Carbon!D9 -> 100000 | E9: 3 | F9: ICE DB (fired clay brick, India kiln avg) | G9: =D9*E9 -> 300000
A10: =Material_Embodied_Carbon!A10 -> AAC Block | B10: =Material_Embodied_Carbon!B10 -> m3 | C10: =Material_Embodied_Carbon!C10 -> 0.05 | D10: =Material_Embodied_Carbon!D10 -> 500 | E10: 1600 | F10: Manufacturer EPD average (India) | G10: =D10*E10 -> 800000
A11: =Material_Embodied_Carbon!A11 -> Float Glass | B11: =Material_Embodied_Carbon!B11 -> m2 | C11: =Material_Embodied_Carbon!C11 -> 0.3 | D11: =Material_Embodied_Carbon!D11 -> 3000 | E11: 225 | F11: ICE DB (flat/float glass, 6mm) | G11: =D11*E11 -> 675000
A12: =Material_Embodied_Carbon!A12 -> Aluminium (avg. 33% recycled) | B12: =Material_Embodied_Carbon!B12 -> kg | C12: =Material_Embodied_Carbon!C12 -> 2 | D12: =Material_Embodied_Carbon!D12 -> 20000 | E12: 155 | F12: ICE DB (aluminium, recycled-content avg) | G12: =D12*E12 -> 3100000
A13: =Material_Embodied_Carbon!A13 -> Timber (sawn softwood) | B13: =Material_Embodied_Carbon!B13 -> m3 | C13: =Material_Embodied_Carbon!C13 -> 0.01 | D13: =Material_Embodied_Carbon!D13 -> 100 | E13: 3400 | F13: ICE DB (sawn softwood, processing only) | G13: =D13*E13 -> 340000
A14: =Material_Embodied_Carbon!A14 -> Ceramic Tiles | B14: =Material_Embodied_Carbon!B14 -> m2 | C14: =Material_Embodied_Carbon!C14 -> 1.2 | D14: =Material_Embodied_Carbon!D14 -> 12000 | E14: 230 | F14: ICE DB (ceramic tile firing) | G14: =D14*E14 -> 2760000
A15: =Material_Embodied_Carbon!A15 -> Paint (water-based emulsion) | B15: =Material_Embodied_Carbon!B15 -> litre | C15: =Material_Embodied_Carbon!C15 -> 0.15 | D15: =Material_Embodied_Carbon!D15 -> 1500 | E15: 85 | F15: ICE DB (paint, general average) | G15: =D15*E15 -> 127500
... A17: =Material_Embodied_Carbon!A17 -> Cement Plaster/Mortar (1:4) | B17: =Material_Embodied_Carbon!B17 -> kg | C17: =Material_Embodied_Carbon!C17 -> 30 | D17: =Material_Embodied_Carbon!D17 -> 300000 | E17: 4 | F17: Derived from cement content | G17: =D17*E17 -> 1200000
A18: TOTAL | G18: =SUM(G4:G17) -> 17747500

Sheet Transport_Energy
A1: SHEET 11 - MATERIAL TRANSPORTATION ENERGY (Stage A4)
A2: Weight, Mode & Distance are linked from Sheet 5 (Transport_Carbon) to avoid duplicate entry. Energy Factor is editable.
A3: Material Name (linked) | B3: Total Weight (tonnes, linked) | C3: Mode of Transport (linked) | D3: Distance to Site (km, linked) | E3: Fuel Energy Factor (MJ/tonne-km, input) | F3: Total Transport Energy (MJ)
A4: =Transport_Carbon!A4 -> Cement (OPC 43/53 Grade) | B4: =Transport_Carbon!E4 -> 500 | C4: =Transport_Carbon!F4 -> Truck | D4: =Transport_Carbon!G4 -> 400 | E4: 1.35 | F4: =B4*D4*E4 -> 270000
A5: =Transport_Carbon!A5 -> Cement (PPC / Blended) | B5: =Transport_Carbon!E5 -> 200 | C5: =Transport_Carbon!F5 -> Truck | D5: =Transport_Carbon!G5 -> 400 | E5: 1.35 | F5: =B5*D5*E5 -> 108000
A6: =Transport_Carbon!A6 -> TMT Steel Rebar | B6: =Transport_Carbon!E6 -> 80 | C6: =Transport_Carbon!F6 -> Truck | D6: =Transport_Carbon!G6 -> 400 | E6: 1.35 | F6: =B6*D6*E6 -> 43200
A7: =Transport_Carbon!A7 -> Ready-Mix Concrete M25 | B7: =Transport_Carbon!E7 -> 3600 | C7: =Transport_Carbon!F7 -> Truck | D7: =Transport_Carbon!G7 -> 400 | E7: 1.35 | F7: =B7*D7*E7 -> 1944000
A8: =Transport_Carbon!A8 -> Fly Ash Brick | B8: =Transport_Carbon!E8 -> 1440 | C8: =Transport_Carbon!F8 -> Truck | D8: =Transport_Carbon!G8 -> 400 | E8: 1.35 | F8: =B8*D8*E8 -> 777600
A9: =Transport_Carbon!A9 -> Clay Brick (fired) | B9: =Transport_Carbon!E9 -> 300 | C9: =Transport_Carbon!F9 -> Truck | D9: =Transport_Carbon!G9 -> 400 | E9: 1.35 | F9: =B9*D9*E9 -> 162000
A10: =Transport_Carbon!A10 -> AAC Block | B10: =Transport_Carbon!E10 -> 275 | C10: =Transport_Carbon!F10 -> Truck | D10: =Transport_Carbon!G10 -> 400 | E10: 1.35 | F10: =B10*D10*E10 -> 148500
A11: =Transport_Carbon!A11 -> Float Glass | B11: =Transport_Carbon!E11 -> 45 | C11: =Transport_Carbon!F11 -> Truck | D11: =Transport_Carbon!G11 -> 400 | E11: 1.35 | F11: =B11*D11*E11 -> 24300
A12: =Transport_Carbon!A12 -> Aluminium (avg. 33% recycled) | B12: =Transport_Carbon!E12 -> 20 | C12: =Transport_Carbon!F12 -> Truck | D12: =Transport_Carbon!G12 -> 400 | E12: 1.35 | F12: =B12*D12*E12 -> 10800
A13: =Transport_Carbon!A13 -> Timber (sawn softwood) | B13: =Transport_Carbon!E13 -> 55 | C13: =Transport_Carbon!F13 -> Truck | D13: =Transport_Carbon!G13 -> 400 | E13: 1.35 | F13: =B13*D13*E13 -> 29700
A14: =Transport_Carbon!A14 -> Ceramic Tiles | B14: =Transport_Carbon!E14 -> 216 | C14: =Transport_Carbon!F14 -> Truck | D14: =Transport_Carbon!G14 -> 400 | E14: 1.35 | F14: =B14*D14*E14 -> 116640
A15: =Transport_Carbon!A15 -> Paint (water-based emulsion) | B15: =Transport_Carbon!E15 -> 1.95 | C15: =Transport_Carbon!F15 -> Truck | D15: =Transport_Carbon!G15 -> 400 | E15: 1.35 | F15: =B15*D15*E15 -> 1053
... A17: =Transport_Carbon!A17 -> Cement Plaster/Mortar (1:4) | B17: =Transport_Carbon!E17 -> 300 | C17: =Transport_Carbon!F17 -> Truck | D17: =Transport_Carbon!G17 -> 400 | E17: 1.35 | F17: =B17*D17*E17 -> 162000
A18: TOTAL | F18: =SUM(F4:F17) -> 3798603
A20: Note: Truck default fuel energy factor = 1.35 MJ/tonne-km (~0.035 L diesel/tonne-km x 38.6 MJ/L). Rail is typically lower (~0.35 MJ/tonne-km) - update column E manually to match the Mode selected in Sheet 5.

Sheet Construction_Energy
A1: SHEET 12 - CONSTRUCTION STAGE ENERGY (Stage A5)
A2: On-site construction activity energy use, normalised per sqm of built-up area. Energy factors are editable defaults.
A3: Construction Activity | B3: Energy Factor per sqm (MJ/sqm, input) | C3: Built-up Area (sqm) (linked from Dashboard) | D3: Total Energy (MJ)
A4: Excavation & Earthwork (machinery diesel use) | B4: 40 | C4: =Dashboard!$B$7 -> 10000 | D4: =B4*C4 -> 400000
A5: Formwork & Shuttering fabrication | B5: 12 | C5: =Dashboard!$B$7 -> 10000 | D5: =B5*C5 -> 120000
A6: Concreting operations (batching, pumping, vibrating) | B6: 45 | C6: =Dashboard!$B$7 -> 10000 | D6: =B6*C6 -> 450000
A7: Reinforcement cutting & bending | B7: 8 | C7: =Dashboard!$B$7 -> 10000 | D7: =B7*C7 -> 80000
A8: Masonry work (mixing, hoisting) | B8: 18 | C8: =Dashboard!$B$7 -> 10000 | D8: =B8*C8 -> 180000
A9: Plastering operations | B9: 10 | C9: =Dashboard!$B$7 -> 10000 | D9: =B9*C9 -> 100000
A10: Tower Crane / Material Hoisting | B10: 15 | C10: =Dashboard!$B$7 -> 10000 | D10: =B10*C10 -> 150000
A11: DG Set (Diesel Generator) operation | B11: 70 | C11: =Dashboard!$B$7 -> 10000 | D11: =B11*C11 -> 700000
A12: Site dewatering / water pumping | B12: 8 | C12: =Dashboard!$B$7 -> 10000 | D12: =B12*C12 -> 80000
A13: Site lighting & temporary power (grid) | B13: 12 | C13: =Dashboard!$B$7 -> 10000 | D13: =B13*C13 -> 120000
A14: Construction waste handling & disposal | B14: 6 | C14: =Dashboard!$B$7 -> 10000 | D14: =B14*C14 -> 60000
A15: Worker commute to site (daily, aggregated) | B15: 10 | C15: =Dashboard!$B$7 -> 10000 | D15: =B15*C15 -> 100000
... A17: Curing-related energy use (pumps, misc.) | B17: 5 | C17: =Dashboard!$B$7 -> 10000 | D17: =B17*C17 -> 50000
A18: TOTAL | B18: =SUM(B4:B17) -> 271 | D18: =SUM(D4:D17) -> 2710000

Sheet Operational_Energy_Detailed
A1: SHEET 13 - OPERATIONAL ENERGY: DETAILED METHOD (Stage B6)
A2: End-use-wise annual operational energy. Feeds the Dashboard total only when Operational Energy Mode = 'Detailed'.
A4: End-Use | B4: Connected Load (W/sqm, input) | C4: Operating Hours /year (input) | D4: Diversity/Load Factor (input) | E4: Built-up Area (linked) | F4: Annual Energy (kWh/year) | G4: % of Total
A5: Lighting | B5: 8 | C5: 3000 | D5: 0.7 | E5: =Dashboard!$B$7 -> 10000 | F5: =B5*E5/1000*C5*D5 -> 168000 | G5: =F5/$F$11 -> 0.14052698
A6: HVAC (Chillers/AHUs/FCUs) | B6: 40 | C6: 3000 | D6: 0.6 | E6: =Dashboard!$B$7 -> 10000 | F6: =B6*E6/1000*C6*D6 -> 720000 | G6: =F6/$F$11 -> 0.60225847
A7: Plug / Equipment Loads | B7: 15 | C7: 2500 | D7: 0.5 | E7: =Dashboard!$B$7 -> 10000 | F7: =B7*E7/1000*C7*D7 -> 187500 | G7: =F7/$F$11 -> 0.15683814
A8: Lifts / Elevators | B8: 2 | C8: 2000 | D8: 0.3 | E8: =Dashboard!$B$7 -> 10000 | F8: =B8*E8/1000*C8*D8 -> 12000 | G8: =F8/$F$11 -> 0.010037641
A9: Pumps | B9: 1.5 | C9: 2000 | D9: 0.4 | E9: =Dashboard!$B$7 -> 10000 | F9: =B9*E9/1000*C9*D9 -> 12000 | G9: =F9/$F$11 -> 0.010037641
A10: Common Area / External Lighting | B10: 3 | C10: 4000 | D10: 0.8 | E10: =Dashboard!$B$7 -> 10000 | F10: =B10*E10/1000*C10*D10 -> 96000 | G10: =F10/$F$11 -> 0.080301129
A11: TOTAL ANNUAL OPERATIONAL ENERGY (Detailed) | F11: =SUM(F5:F10) -> 1195500 | G11: =SUM(G5:G10) -> 1
A22: Annual Energy (kWh/year) = Connected Load (W/sqm) x Built-up Area / 1000 x Operating Hours/year x Diversity/Load Factor.

Sheet Operational_Energy_EPI
A1: SHEET 14 - OPERATIONAL ENERGY: EPI METHOD (Stage B6 Shortcut)
A2: Feeds the Dashboard total only when Operational Energy Mode = 'EPI'. Reference table below is indicative - override the EPI value for your project.
A4: ECBC/BEE TYPICAL EPI BENCHMARKS (kWh/sqm/year) - REFERENCE ONLY
A5: Building Type | B5: Typical EPI (kWh/sqm/year)
A6: Office | B6: 150
A7: Residential | B7: 90
A8: Retail | B8: 180
A9: Healthcare | B9: 250
A10: Hospitality | B10: 220
A12: SELECTED PROJECT EPI CALCULATION
A13: Building Type (dropdown) | B13: EPI Benchmark (kWh/sqm/year, input) | C13: Built-up Area (linked) | D13: Total Annual Operational Energy (kWh/year)
A14: Office | B14: 150 | C14: =Dashboard!$B$7 -> 10000 | D14: =B14*C14 -> 1500000
A16: Update the EPI Benchmark (B14) to match your Building Type using the reference table above, or override with a project-specific/simulated EPI value.

Sheet Use_Stage_Energy
A1: SHEET 15 - USE STAGE ENERGY (Stage B1-B5, Maintenance/Replacement)
A2: Embodied energy of maintenance/repair/replacement/refurbishment, annualised over the study period. Excludes recurring operational energy (see Sheet 13/14 for B6).
A4: Study Period Used in This Sheet (years, linked from Dashboard) | B4: =Dashboard!$B$8 -> 50
A6: Sub-Category | B6: Description | C6: Replacement/Event Cycle (years, input) | D6: Energy Factor per Event (MJ/sqm, input) | E6: Number of Events over Study Period | F6: Built-up Area (linked) | G6: Total Energy (MJ)
A7: B2 - Maintenance | B7: Routine upkeep, cleaning agents, minor consumables | C7: 1 | D7: 5 | E7: =ROUNDDOWN($B$4/C7,0) -> 50 | F7: =Dashboard!$B$7 -> 10000 | G7: =D7*E7*F7 -> 2500000
A8: B3 - Repair | B8: Component repairs / minor part replacement (non-structural) | C8: 10 | D8: 15 | E8: =ROUNDDOWN($B$4/C8,0) -> 5 | F8: =Dashboard!$B$7 -> 10000 | G8: =D8*E8*F8 -> 750000
A9: B4 - Replacement | B9: Repainting (interior/exterior paint finishes) | C9: 7 | D9: 40 | E9: =ROUNDDOWN($B$4/C9,0) -> 7 | F9: =Dashboard!$B$7 -> 10000 | G9: =D9*E9*F9 -> 2800000
A10: B4 - Replacement | B10: Sealants & waterproofing membrane replacement | C10: 15 | D10: 20 | E10: =ROUNDDOWN($B$4/C10,0) -> 3 | F10: =Dashboard!$B$7 -> 10000 | G10: =D10*E10*F10 -> 600000
A11: B4 - Replacement | B11: Flooring/finishes replacement | C11: 20 | D11: 60 | E11: =ROUNDDOWN($B$4/C11,0) -> 2 | F11: =Dashboard!$B$7 -> 10000 | G11: =D11*E11*F11 -> 1200000
A12: B4 - Replacement | B12: HVAC equipment replacement (embodied energy of new units) | C12: 15 | D12: 80 | E12: =ROUNDDOWN($B$4/C12,0) -> 3 | F12: =Dashboard!$B$7 -> 10000 | G12: =D12*E12*F12 -> 2400000
A13: B5 - Refurbishment | B13: Major refurbishment / component upgrade cycle | C13: 30 | D13: 150 | E13: =ROUNDDOWN($B$4/C13,0) -> 1 | F13: =Dashboard!$B$7 -> 10000 | G13: =D13*E13*F13 -> 1500000
A14: TOTAL USE STAGE ENERGY (B1-B5) | G14: =SUM(G7:G13) -> 11750000

Sheet End_of_Life_Energy
A1: SHEET 16 - END OF LIFE ENERGY (Stage C1-C4)
A2: C1, C3 & C4 use per-sqm factors. C2 (waste transport) links waste quantity & distance from the End_of_Life_Carbon sheet.
A3: Sub-Category | B3: Description | C3: Energy Factor per sqm (MJ/sqm, input) | D3: Built-up Area (linked) | E3: Total Energy (MJ)
A4: C1 - Deconstruction/Demolition | B4: Demolition equipment diesel/energy use, manual dismantling | C4: 60 | D4: =Dashboard!$B$7 -> 10000 | E4: =C4*D4 -> 600000
A5: C3 - Waste Processing/Recycling | B5: Sorting, crushing, recycling operations | C5: 25 | D5: =Dashboard!$B$7 -> 10000 | E5: =C5*D5 -> 250000
A6: C4 - Disposal (Landfill/Incineration) | B6: Residual waste handling energy (landfill/incineration) | C6: 70 | D6: =Dashboard!$B$7 -> 10000 | E6: =C6*D6 -> 700000
A7: Subtotal (C1, C3, C4) | E7: =SUM(E4:E6) -> 1550000
A9: C2 - ENERGY FOR TRANSPORT OF DEMOLITION WASTE (linked from End_of_Life_Carbon)
A10: Waste Category (linked) | B10: Waste Generation Rate (tonnes/sqm, linked) | C10: Total Waste Quantity (tonnes, linked) | D10: Distance to Site (km, linked) | E10: Energy Factor (MJ/tonne-km, input) | F10: Total Transport Energy (MJ)
A11: =End_of_Life_Carbon!A11 -> Demolition & Construction Waste | B11: =End_of_Life_Carbon!B11 -> 0.15 | C11: =End_of_Life_Carbon!C11 -> 1500 | D11: =End_of_Life_Carbon!D11 -> 50 | E11: 1.35 | F11: =C11*D11*E11 -> 101250
A13: TOTAL END OF LIFE ENERGY (C1-C4) | F13: =E7+F11 -> 1651250

Sheet Beyond_Building_Life_Energy
A1: SHEET 17 - BEYOND BUILDING LIFE - ENERGY (Module D)
A2: Energy recovery/reuse/recycling credits beyond the system boundary. Negative values = energy benefit. This total IS netted into Total Life-Cycle Energy on the Dashboard.
A4: Category | B4: Description | C4: Energy Benefit/Load Factor per sqm (MJ/sqm, input) | D4: Built-up Area (linked) | E4: Net Energy Impact (MJ)
A5: Reuse Potential | B5: Credit for embodied energy of components suitable for direct reuse | C5: -40 | D5: =Dashboard!$B$7 -> 10000 | E5: =C5*D5 -> -400000
A6: Recycling Potential | B6: Credit for embodied energy recovered via material recycling (steel, aluminium, glass) | C6: -90 | D6: =Dashboard!$B$7 -> 10000 | E6: =C6*D6 -> -900000
A7: Energy Recovery | B7: Credit for energy recovered from waste incineration, net of process energy | C7: -30 | D7: =Dashboard!$B$7 -> 10000 | E7: =C7*D7 -> -300000
A8: NET IMPACT - MODULE D ENERGY (Beyond Building Life) | E8: =SUM(E5:E7) -> -1600000
A10: Note: Unlike the Carbon Module D (reported separately), this Energy Module D total IS included as a net deduction in Total Life-Cycle Energy on the Dashboard, per this tool's energy brief.

Sheet Notes_Assumptions
A1: NOTES, ASSUMPTIONS & DATA SOURCES
A3: COLOR-CODING LEGEND
A4: Blue text / Yellow fill | B4: Editable input cell - update with project-specific or verified data
A5: Black text | B5: Formula cell - calculated automatically, do not overwrite
A6: Green text | B6: Link pulling a value from another sheet - do not overwrite
A7: Light blue fill (no yellow) | B7: Total / subtotal row
A8: Amber/orange/brown section band | B8: Section header for a sub-block within a sheet
A9: Grey fill | B9: Reference/lookup table shown for guidance only (not linked into formulas)
A11: GENERAL ASSUMPTIONS & DATA SOURCES
A12: Scope | B12: Covers the full building lifecycle per EN 15978 / LEED LCA framework for carbon, water AND energy: Stage A1-A3 (materials), A4 (transport), A5 (construction), B1-B5 (use stage maintenance/replacement), B6 (operational energy), C1-C4 (end of life), and Module D (benefits beyond the system boundary) - all normalised per sqm of built-up area.
A13: Material carbon/water factors (A1-A3) | B13: Default embodied carbon and water factors are indicative values adapted from the ICE Database v3.0 (University of Bath, UK), published Indian LCA studies / EPDs, and IGBC/GRIHA material guidance. Replace with verified supplier/EPD data where available.
A14: Material embodied energy factors (A1-A3) | B14: Default embodied energy factors (MJ/unit) are adapted from Hammond & Jones' Inventory of Carbon & Energy (ICE) Database v3.0 and CPWD DSR/SOR energy norms. These represent primary/process energy content and should be replaced with verified EPD or supplier energy-declaration data for certification submissions.
A15: Quantities per sqm | B15: Quantity-per-sqm values in Sheet 1 are typical planning-stage benchmarks for a generic mid-rise building; replace with actual Bill of Quantities (BOQ) data for project-level accuracy. The same quantities drive the Carbon, Water and Energy material sheets.
A16: Construction stage (A5) | B16: Emission, water and energy factors per sqm for site activities are estimated defaults based on typical Indian construction site diesel/water/energy consumption patterns and CII-GBC/IGBC benchmark ranges. Calibrate against actual site fuel logs, water meter and energy meter readings.
A17: Transportation (A4) | B17: Default transport distance is 400 km (editable per material in Sheet 5). Truck carbon EF = 0.12 kgCO2e/tonne-km; truck energy factor = 1.35 MJ/tonne-km (~0.035 L diesel/tonne-km x 38.6 MJ/L diesel calorific value). Rail values are lower - update manually if Mode is changed to Rail.
A18: Use stage (B1-B5) | B18: Replacement-cycle items (repainting, sealants, flooring, HVAC equipment, refurbishment) are annualised over a Building Study Period (default 50 years, RICS standard, editable on Dashboard). Number of Events = ROUNDDOWN(Study Period / Cycle Years). Default cycle lengths and per-event factors are indicative planning assumptions - refine using manufacturer/ISO 15686 reference service-life data where available.
A19: Operational energy (B6) - Detailed method | B19: Sheet 13 sums annual energy across six end-uses (lighting, HVAC, plug loads, lifts, pumps, common area) using Connected Load (W/sqm) x Built-up Area x Operating Hours x Diversity/Load Factor. Defaults are indicative ECBC-benchmark planning assumptions and should be replaced with metered data or an energy simulation model (e.g. eQuest, DesignBuilder, EnergyPlus) for accurate reporting.
A20: Operational energy (B6) - EPI method | B20: Sheet 14 offers a shortcut: select a Building Type and apply a typical EPI (kWh/sqm/year) from ECBC/BEE benchmark ranges, multiplied by Built-up Area. The reference table is indicative only - always override with a project-specific or simulated EPI where available.
A21: Operational Energy Mode toggle | B21: The Dashboard's 'Operational Energy Mode' selector (Detailed or EPI) determines which sheet feeds the Dashboard's Total Annual Operational Energy, to avoid double-counting. Only one mode should be treated as authoritative at a time.
A22: End of life (C1-C4) | B22: C1 (demolition), C3 (waste processing/recycling) and C4 (disposal) use per-sqm default factors for carbon, and separate per-sqm default factors for energy. C2 (waste transport) uses a distance x weight x factor calculation; the Energy sheet links waste quantity and distance directly from the Carbon end-of-life sheet to keep a single source of truth for those assumptions.
A23: Module D - Carbon vs Energy convention | B23: Per EN 15978 convention, Module D (Beyond Building Life) sits outside the main A+B+C system boundary. On the Dashboard, Carbon Module D is reported SEPARATELY and NOT summed into Total Embodied Carbon. Energy Module D, per this tool's specific brief, IS netted into Total Life-Cycle Energy as a deduction - reflecting the way the two briefs were framed. Adjust this treatment if your certification pathway requires strict EN 15978 separation for both.
... A26: Disclaimer | B26: All default values in this workbook are indicative planning-stage estimates only. They are not a substitute for a full Life Cycle Assessment (LCA) per ISO 14040/14044 or EN 15978, or a certified energy simulation/audit, and should be independently verified before use in regulatory or certification submissions.
